Title,URL
‚òÄÔ∏è DAY LIKE TODAY,https://www.youtube.com/playlist?list=PLgBmHazg183B--098Qw6UyERyz9bRe-tK
"Book of Heaven, Volume 1.",https://www.youtube.com/playlist?list=PLgBmHazg183DLzv2ihEOn9BOGjNbSDDyG
"Book of Heaven, Volume 2.",https://www.youtube.com/playlist?list=PLgBmHazg183Cy5tN53IxlzyH5xj6f76A6
"Book of Heaven, Volume 3.",https://www.youtube.com/playlist?list=PLgBmHazg183Ayi8GBaNOEak0UEcguAXqQ
"Book of Heaven, Volume 4.",https://www.youtube.com/playlist?list=PLgBmHazg183A7pnCTjpXK-8liKedvz8n4
"Book of Heaven, Volume 5.",https://www.youtube.com/playlist?list=PLgBmHazg183Dj0CVL9XSlnL5moZ8z8DBi
"Book of Heaven, Volume 6.",https://www.youtube.com/playlist?list=PLgBmHazg183ASlTnNpmbVbMfgoygEdMO2
"Book of Heaven, Volume 7.",https://www.youtube.com/playlist?list=PLgBmHazg183BGTYvXpdkoie0UB8fqikPs
"Book of Heaven, Volume 8.",https://www.youtube.com/playlist?list=PLgBmHazg183AngTc3piZueMyK2sQFNITb
"Book of Heaven, Volume 9.",https://www.youtube.com/playlist?list=PLgBmHazg183ALWUT0BnepU9pyH52QezSN
"Book of Heaven, Volume 10.",https://www.youtube.com/playlist?list=PLgBmHazg183B4kI6mUJJfXG0sOU7lRTpi
"Book of Heaven, Volume 11",https://www.youtube.com/playlist?list=PLgBmHazg183AC4J64MLcmIJzvIJCM6O_R
"Book of Heaven, Volume 12.",https://www.youtube.com/playlist?list=PLgBmHazg183B92X8X9_XOJQWSzm8SdKhM
"Book of Heaven, Volume 13.",https://www.youtube.com/playlist?list=PLgBmHazg183Bxz6Qyt2O4D12Qs9kykSFk
"Book of Heaven, Volume 14.",https://www.youtube.com/playlist?list=PLgBmHazg183D8PIEoX_RyUeP_p8veiwod
"Book of Heaven, Volume 15.",https://www.youtube.com/playlist?list=PLgBmHazg183AhMNdJz_m2HAHqGZwUisNO
"Book of Heaven, Volume 16.",https://www.youtube.com/playlist?list=PLgBmHazg183C2pC7l1jcyAFOPDUdHevRs
"Book of Heaven, Volume 17.",https://www.youtube.com/playlist?list=PLgBmHazg183B_TPp949wvVr8MgGkkKPPX
"Book of Heaven, Volume 18.",https://www.youtube.com/playlist?list=PLgBmHazg183CMmx23vyS9B7n0HDoNyTll
"Book of Heaven, Volume 19.",https://www.youtube.com/playlist?list=PLgBmHazg183Dxc9KFk_xQPgnDyhjRdvYN
"Book of Heaven, Volume 20.",https://www.youtube.com/playlist?list=PLgBmHazg183Cv798D-jh1GG97pLFdz50e
"Book of Heaven, Volume 21.",https://www.youtube.com/playlist?list=PLgBmHazg183Cv1HS1CcuYoLG0YTV17tI9
"Book of Heaven, Volume 22.",https://www.youtube.com/playlist?list=PLgBmHazg183DINxch0aROFb06eRc_jsN3
"Book of Heaven, Volume 23.",https://www.youtube.com/playlist?list=PLgBmHazg183C46lBrT0Ce0RjHTr_dCqkC
"Book of Heaven, Volume 24.",https://www.youtube.com/playlist?list=PLgBmHazg183BI15r84fME5kIgCBIrfW18
"Book of Heaven, Volume 25.",https://www.youtube.com/playlist?list=PLgBmHazg183DFzcNtODRkZ0VJkQBORdrb
"Book of Heaven, Volume 26.",https://www.youtube.com/playlist?list=PLgBmHazg183C2F3WRE0c81bWquWb24Zkc
"Book of Heaven, Volume 27.",https://www.youtube.com/playlist?list=PLgBmHazg183CN4ELqtFwPa2G9E0Mwx8ye
"Book of Heaven, Volume 28.",https://www.youtube.com/playlist?list=PLgBmHazg183A-JZWdjjEdQN0pgH0DTFj9
"Book of Heaven, Volume 29.",https://www.youtube.com/playlist?list=PLgBmHazg183Ceoh4YD2OjoKE0quDw_lVp
"Book of Heaven, Volume 30.",https://www.youtube.com/playlist?list=PLgBmHazg183Ap4RD6Pa0qbxUHKHo9SbcW
"Book of Heaven, Volume 31.",https://www.youtube.com/playlist?list=PLgBmHazg183ABt5NiirJWTdwOyE7Twnxi
"Book of Heaven, Volume 32.",https://www.youtube.com/playlist?list=PLgBmHazg183CPB8smhzg0oetId89hZSaP
"Book of Heaven, Volume 33.",https://www.youtube.com/playlist?list=PLgBmHazg183DZf7y8mBEze0mDT64xYKEX
"Book of Heaven, Volume 34.",https://www.youtube.com/playlist?list=PLgBmHazg183Cuobgwq8S1Xg-NH6TFdxyt
"Book of Heaven, Volume 35.",https://www.youtube.com/playlist?list=PLgBmHazg183CV9xa5hWGkgA6rL4KWL3aO
"Book of Heaven, Volume 36.",https://www.youtube.com/playlist?list=PLgBmHazg183BmrnaxUMaZL__MRFpYC2Y2
‚úùÔ∏è Hours of the Passion,https://www.youtube.com/playlist?list=PLgBmHazg183A0aoCOUf_BbMULVAYF-549
üî¥ Divine Will: Fr. Pablo Martin Sanguiao,https://www.youtube.com/playlist?list=PLgBmHazg183CeJtwXnFwBVot8Zc1mlGEN
"üôè Divine WIll Prayers by Servant of God, Luisa Piccarreta.",https://www.youtube.com/playlist?list=PLgBmHazg183Aun9CwRvawHD8fSaaCznyr
Ave Maria Divine Will,https://www.youtube.com/playlist?list=PLgBmHazg183CZbWZwnidiNYv1gz9knmg2
Book of Heaven Videos,https://www.youtube.com/playlist?list=PLgBmHazg183B9YLaDGbYp5MIKpuuvzTZX
Christ the King,https://www.youtube.com/playlist?list=PLgBmHazg183BVtxeaoU-y1_uJQ6t8BizJ
Christmas Novena (Nine Excesses of Love),https://www.youtube.com/playlist?list=PLgBmHazg183AQTAqkqBMgveNOvUEkjZ9e
December 25 - Birth of Jesus,https://www.youtube.com/playlist?list=PLgBmHazg183DgaoX7Rf_lnrezn5xwnqn9
DIVINE WILL,https://www.youtube.com/playlist?list=PLgBmHazg183DRXqlQtUvaqwYY_xiWMZpK
Divine Will Music,https://www.youtube.com/playlist?list=PLgBmHazg183Aky9VBfTeuFg5yKhRuKYp8
Virgin Mary in the Kingdom of the Divine Will,https://www.youtube.com/playlist?list=PLgBmHazg183D2qJZxBqfTMgXsNMR9kO3R